Ticket_ID,Created_Date,Closed_Date,Priority,Category,Status,Assigned_Group,Agent_Name,SLA_Status,Resolution_Time_Hours,Reopened_Flag,Region
INC100000,2025-04-13,,P3,Database,Pending,App Team,Agent_F,In Progress,7,No,US
INC100001,2025-12-15,,P1,Application,Pending,App Team,Agent_C,In Progress,57,No,APAC
INC100002,2025-09-28,,P3,Database,Pending,App Team,Agent_D,In Progress,12,No,US
INC100003,2025-04-17,,P4,Database,Pending,L2 Support,Agent_D,In Progress,16,No,India
INC100004,2025-03-13,,P3,Access,Open,Infra Team,Agent_A,In Progress,80,No,APAC
INC100005,2025-07-08,2025-07-09 19:00:00,P3,Network,Closed,App Team,Agent_C,Breached,43,Yes,US
INC100006,2025-01-21,2025-01-24 05:00:00,P3,Application,Closed,App Team,Agent_B,Breached,77,Yes,Europe
INC100007,2025-04-13,2025-04-13 07:00:00,P3,Access,Resolved,L2 Support,Agent_D,Met,7,No,India
INC100008,2025-05-02,,P3,Network,Open,L2 Support,Agent_D,In Progress,51,No,Europe
INC100009,2025-08-03,,P4,Network,Pending,App Team,Agent_A,In Progress,73,Yes,India
INC100010,2025-11-27,2025-11-28 08:00:00,P3,Hardware,Closed,L1 Support,Agent_E,Breached,32,No,APAC
INC100011,2025-03-29,2025-04-01 03:00:00,P4,Application,Closed,App Team,Agent_B,Breached,75,No,APAC
INC100012,2025-04-10,2025-04-10 08:00:00,P4,Network,Closed,App Team,Agent_F,Met,8,No,India
INC100013,2025-12-26,,P2,Access,Open,L2 Support,Agent_C,In Progress,87,No,India
INC100014,2025-06-01,2025-06-04 17:00:00,P1,Hardware,Closed,L2 Support,Agent_D,Breached,89,Yes,India
INC100015,2025-05-11,2025-05-14 00:00:00,P2,Application,Closed,App Team,Agent_D,Breached,72,No,APAC
INC100016,2025-05-30,2025-05-31 21:00:00,P1,Database,Closed,App Team,Agent_F,Breached,45,No,US
INC100017,2025-11-05,2025-11-08 14:00:00,P1,Access,Closed,App Team,Agent_B,Breached,86,No,Europe
INC100018,2025-09-15,,P3,Network,Open,L2 Support,Agent_E,In Progress,59,No,Europe
INC100019,2025-12-10,2025-12-10 04:00:00,P1,Network,Closed,App Team,Agent_D,Met,4,No,APAC
INC100020,2025-10-21,,P3,Access,Pending,App Team,Agent_B,In Progress,67,No,Europe
INC100021,2025-07-11,2025-07-12 05:00:00,P4,Network,Closed,DB Team,Agent_F,Breached,29,No,India
INC100022,2025-10-04,2025-10-05 05:00:00,P1,Hardware,Closed,L1 Support,Agent_A,Breached,29,No,US
INC100023,2025-06-10,2025-06-11 04:00:00,P4,Application,Closed,Infra Team,Agent_E,Breached,28,No,Europe
INC100024,2025-11-10,2025-11-13 05:00:00,P2,Hardware,Closed,L1 Support,Agent_C,Breached,77,No,US
INC100025,2025-01-22,2025-01-25 07:00:00,P2,Network,Closed,DB Team,Agent_D,Breached,79,No,India
INC100026,2025-09-10,2025-09-13 15:00:00,P3,Database,Closed,Infra Team,Agent_B,Breached,87,No,Europe
INC100027,2025-08-24,,P3,Application,Open,App Team,Agent_A,In Progress,44,No,APAC
INC100028,2025-12-11,2025-12-14 18:00:00,P4,Application,Closed,DB Team,Agent_C,Breached,90,No,US
INC100029,2025-02-18,,P4,Access,Open,App Team,Agent_B,In Progress,4,No,India
INC100030,2025-02-28,2025-03-03 18:00:00,P4,Access,Resolved,L2 Support,Agent_B,Breached,90,No,US
INC100031,2025-06-19,,P2,Database,Pending,DB Team,Agent_C,In Progress,9,No,Europe
INC100032,2025-07-07,2025-07-07 05:00:00,P2,Application,Closed,L2 Support,Agent_A,Met,5,No,Europe
INC100033,2025-09-28,2025-09-30 08:00:00,P4,Database,Closed,DB Team,Agent_F,Breached,56,No,APAC
INC100034,2025-07-09,2025-07-12 12:00:00,P4,Access,Closed,DB Team,Agent_A,Breached,84,No,India
INC100035,2025-06-24,2025-06-26 02:00:00,P4,Access,Closed,L2 Support,Agent_E,Breached,50,Yes,India
INC100036,2025-02-20,2025-02-23 03:00:00,P3,Application,Resolved,Infra Team,Agent_D,Breached,75,No,APAC
INC100037,2025-12-30,2025-12-30 15:00:00,P3,Hardware,Closed,L1 Support,Agent_C,Met,15,No,APAC
INC100038,2025-02-24,2025-02-25 08:00:00,P4,Network,Closed,App Team,Agent_F,Breached,32,No,India
INC100039,2025-09-01,,P3,Access,Open,DB Team,Agent_C,In Progress,28,No,US
INC100040,2025-11-16,,P4,Access,Pending,App Team,Agent_C,In Progress,22,No,US
INC100041,2025-05-11,,P4,Hardware,Open,L2 Support,Agent_A,In Progress,17,No,APAC
INC100042,2025-11-03,2025-11-05 11:00:00,P3,Hardware,Closed,App Team,Agent_D,Breached,59,No,US
INC100043,2025-05-15,2025-05-18 18:00:00,P4,Database,Closed,L2 Support,Agent_E,Breached,90,No,India
INC100044,2025-01-21,2025-01-23 23:00:00,P4,Database,Closed,App Team,Agent_B,Breached,71,No,Europe
INC100045,2025-11-25,2025-11-27 09:00:00,P2,Network,Closed,L1 Support,Agent_B,Breached,57,No,Europe
INC100046,2025-06-16,2025-06-17 02:00:00,P4,Network,Closed,L1 Support,Agent_C,Breached,26,Yes,US
INC100047,2025-10-01,2025-10-02 01:00:00,P3,Application,Closed,L1 Support,Agent_D,Breached,25,No,APAC
INC100048,2025-03-30,2025-03-30 10:00:00,P4,Database,Closed,L1 Support,Agent_F,Met,10,Yes,APAC
INC100049,2025-11-12,2025-11-13 21:00:00,P3,Access,Closed,L1 Support,Agent_A,Breached,45,No,APAC
INC100050,2025-01-14,2025-01-17 11:00:00,P4,Database,Closed,L1 Support,Agent_D,Breached,83,No,APAC
INC100051,2025-08-30,,P3,Access,Open,L2 Support,Agent_D,In Progress,11,No,APAC
INC100052,2025-09-22,,P1,Hardware,Open,DB Team,Agent_A,In Progress,77,No,US
INC100053,2025-12-12,,P4,Database,Pending,App Team,Agent_C,In Progress,53,No,Europe
INC100054,2025-02-22,2025-02-25 00:00:00,P1,Hardware,Closed,L1 Support,Agent_D,Breached,72,No,Europe
INC100055,2025-12-06,2025-12-08 20:00:00,P3,Network,Closed,L2 Support,Agent_B,Breached,68,Yes,US
INC100056,2025-04-02,2025-04-05 23:00:00,P4,Network,Closed,L2 Support,Agent_A,Breached,95,No,APAC
INC100057,2025-09-21,,P4,Application,Open,L2 Support,Agent_F,In Progress,28,No,US
INC100058,2025-02-04,,P3,Database,Pending,DB Team,Agent_E,In Progress,75,No,Europe
INC100059,2025-07-25,2025-07-27 17:00:00,P3,Hardware,Closed,App Team,Agent_C,Breached,65,No,India
INC100060,2025-03-22,2025-03-24 01:00:00,P3,Access,Resolved,DB Team,Agent_A,Breached,49,No,US
INC100061,2025-02-19,2025-02-20 23:00:00,P2,Network,Closed,Infra Team,Agent_E,Breached,47,Yes,APAC
INC100062,2025-12-26,2025-12-28 04:00:00,P3,Network,Closed,L2 Support,Agent_E,Breached,52,No,Europe
INC100063,2025-01-02,,P3,Access,Pending,Infra Team,Agent_F,In Progress,88,No,Europe
INC100064,2025-02-23,2025-02-25 06:00:00,P4,Hardware,Resolved,L1 Support,Agent_D,Breached,54,No,Europe
INC100065,2025-04-16,,P4,Hardware,Pending,L1 Support,Agent_F,In Progress,60,Yes,Europe
INC100066,2025-09-17,,P4,Database,Pending,DB Team,Agent_D,In Progress,57,No,APAC
INC100067,2025-11-06,2025-11-07 23:00:00,P1,Database,Closed,App Team,Agent_D,Breached,47,No,India
INC100068,2025-07-10,,P3,Application,Pending,Infra Team,Agent_A,In Progress,31,No,Europe
INC100069,2025-08-06,2025-08-07 22:00:00,P1,Network,Closed,App Team,Agent_A,Breached,46,No,US
INC100070,2025-02-13,2025-02-14 02:00:00,P3,Database,Resolved,DB Team,Agent_C,Breached,26,Yes,India
INC100071,2025-06-11,2025-06-11 05:00:00,P3,Hardware,Closed,L1 Support,Agent_D,Met,5,No,Europe
INC100072,2025-07-21,,P4,Access,Pending,App Team,Agent_E,In Progress,84,No,India
INC100073,2025-09-27,2025-09-29 04:00:00,P3,Hardware,Closed,App Team,Agent_B,Breached,52,No,US
INC100074,2025-12-17,,P2,Network,Open,L1 Support,Agent_C,In Progress,75,No,Europe
INC100075,2025-10-31,2025-11-02 06:00:00,P2,Hardware,Closed,Infra Team,Agent_A,Breached,54,Yes,US
INC100076,2025-09-28,,P4,Application,Pending,L1 Support,Agent_F,In Progress,33,No,APAC
INC100077,2025-08-03,2025-08-05 02:00:00,P3,Network,Closed,App Team,Agent_C,Breached,50,No,Europe
INC100078,2025-09-09,2025-09-10 14:00:00,P2,Access,Closed,Infra Team,Agent_C,Breached,38,No,Europe
INC100079,2025-07-09,2025-07-10 03:00:00,P1,Application,Closed,Infra Team,Agent_C,Breached,27,No,Europe
INC100080,2025-10-23,2025-10-23 15:00:00,P4,Network,Closed,L1 Support,Agent_C,Met,15,No,Europe
INC100081,2025-08-01,2025-08-03 13:00:00,P1,Access,Resolved,App Team,Agent_B,Breached,61,No,APAC
INC100082,2025-07-27,2025-07-27 21:00:00,P4,Application,Closed,DB Team,Agent_F,Met,21,No,Europe
INC100083,2025-08-25,2025-08-26 22:00:00,P4,Application,Resolved,App Team,Agent_F,Breached,46,No,India
INC100084,2025-12-04,2025-12-06 21:00:00,P1,Network,Closed,L2 Support,Agent_F,Breached,69,No,Europe
INC100085,2025-02-22,2025-02-22 06:00:00,P1,Database,Closed,DB Team,Agent_D,Met,6,No,APAC
INC100086,2025-10-07,,P4,Application,Pending,Infra Team,Agent_E,In Progress,38,No,Europe
INC100087,2025-08-05,,P3,Application,Open,DB Team,Agent_F,In Progress,62,Yes,India
INC100088,2025-09-09,2025-09-12 14:00:00,P3,Access,Closed,Infra Team,Agent_C,Breached,86,No,APAC
INC100089,2025-07-07,,P4,Hardware,Open,Infra Team,Agent_C,In Progress,62,No,APAC
INC100090,2025-02-10,,P4,Network,Pending,DB Team,Agent_F,In Progress,82,No,India
INC100091,2025-06-06,2025-06-09 06:00:00,P4,Network,Closed,Infra Team,Agent_F,Breached,78,No,India
INC100092,2025-01-15,2025-01-18 02:00:00,P4,Database,Resolved,Infra Team,Agent_C,Breached,74,No,India
INC100093,2025-10-28,2025-10-29 22:00:00,P3,Database,Resolved,L2 Support,Agent_D,Breached,46,No,India
INC100094,2025-03-06,,P1,Network,Open,App Team,Agent_A,In Progress,13,No,India
INC100095,2025-12-11,2025-12-14 23:00:00,P4,Database,Closed,App Team,Agent_A,Breached,95,No,APAC
INC100096,2025-11-23,,P3,Access,Open,L2 Support,Agent_F,In Progress,94,No,APAC
INC100097,2025-01-09,2025-01-09 03:00:00,P3,Network,Closed,DB Team,Agent_B,Met,3,No,Europe
INC100098,2025-12-10,2025-12-13 22:00:00,P4,Database,Closed,L1 Support,Agent_F,Breached,94,No,Europe
INC100099,2025-05-09,2025-05-09 06:00:00,P2,Network,Closed,L1 Support,Agent_F,Met,6,No,US
INC100100,2025-05-16,2025-05-19 21:00:00,P3,Hardware,Closed,L1 Support,Agent_A,Breached,93,No,Europe
INC100101,2025-03-04,2025-03-04 08:00:00,P1,Application,Resolved,L2 Support,Agent_C,Met,8,No,Europe
INC100102,2025-05-19,,P3,Network,Pending,L2 Support,Agent_F,In Progress,44,No,India
INC100103,2025-03-22,,P1,Application,Pending,Infra Team,Agent_C,In Progress,33,No,India
INC100104,2025-06-12,2025-06-15 09:00:00,P2,Database,Closed,L1 Support,Agent_C,Breached,81,No,Europe
INC100105,2025-10-16,2025-10-19 03:00:00,P2,Application,Closed,DB Team,Agent_B,Breached,75,Yes,US
INC100106,2025-09-18,2025-09-21 05:00:00,P3,Network,Closed,DB Team,Agent_C,Breached,77,No,India
INC100107,2025-08-19,2025-08-21 02:00:00,P4,Hardware,Resolved,L1 Support,Agent_A,Breached,50,No,Europe
INC100108,2025-02-10,2025-02-10 11:00:00,P3,Database,Closed,L1 Support,Agent_D,Met,11,No,Europe
INC100109,2025-01-28,2025-01-31 23:00:00,P4,Network,Resolved,L1 Support,Agent_D,Breached,95,Yes,APAC
INC100110,2025-05-15,,P3,Database,Open,L2 Support,Agent_E,In Progress,28,No,US
INC100111,2025-07-20,2025-07-22 22:00:00,P2,Access,Closed,L2 Support,Agent_F,Breached,70,No,APAC
INC100112,2025-11-24,,P4,Application,Pending,L2 Support,Agent_A,In Progress,41,Yes,US
INC100113,2025-09-25,2025-09-25 16:00:00,P2,Access,Closed,App Team,Agent_C,Met,16,No,India
INC100114,2025-02-02,2025-02-04 20:00:00,P4,Network,Resolved,DB Team,Agent_D,Breached,68,No,US
INC100115,2025-02-17,2025-02-19 00:00:00,P1,Hardware,Resolved,DB Team,Agent_A,Breached,48,No,Europe
INC100116,2025-03-03,2025-03-05 08:00:00,P4,Database,Closed,Infra Team,Agent_D,Breached,56,No,Europe
INC100117,2025-08-04,2025-08-06 16:00:00,P1,Application,Closed,L2 Support,Agent_C,Breached,64,No,US
INC100118,2025-10-20,,P4,Database,Open,App Team,Agent_D,In Progress,59,No,US
INC100119,2025-04-09,2025-04-12 18:00:00,P3,Network,Resolved,App Team,Agent_F,Breached,90,No,US
INC100120,2025-06-21,2025-06-23 14:00:00,P4,Database,Closed,DB Team,Agent_F,Breached,62,No,APAC
INC100121,2025-12-26,,P1,Application,Open,L2 Support,Agent_E,In Progress,76,No,US
INC100122,2025-08-02,,P3,Network,Open,Infra Team,Agent_E,In Progress,11,Yes,India
INC100123,2025-02-04,,P4,Database,Pending,L2 Support,Agent_D,In Progress,89,No,APAC
INC100124,2025-08-15,2025-08-15 18:00:00,P3,Hardware,Closed,L1 Support,Agent_A,Met,18,No,APAC
INC100125,2025-04-11,,P3,Network,Pending,L2 Support,Agent_F,In Progress,19,No,US
INC100126,2025-05-11,2025-05-14 15:00:00,P3,Network,Resolved,L1 Support,Agent_A,Breached,87,No,India
INC100127,2025-09-14,2025-09-16 07:00:00,P3,Hardware,Closed,L1 Support,Agent_A,Breached,55,No,APAC
INC100128,2025-01-05,2025-01-08 10:00:00,P3,Access,Closed,Infra Team,Agent_D,Breached,82,No,Europe
INC100129,2025-08-06,2025-08-07 02:00:00,P3,Application,Resolved,DB Team,Agent_A,Breached,26,No,APAC
INC100130,2025-09-12,2025-09-12 06:00:00,P4,Access,Closed,L2 Support,Agent_F,Met,6,No,US
INC100131,2025-12-25,2025-12-25 04:00:00,P1,Database,Resolved,L1 Support,Agent_C,Met,4,No,India
INC100132,2025-10-10,2025-10-11 05:00:00,P2,Hardware,Closed,L2 Support,Agent_E,Breached,29,No,US
INC100133,2025-07-26,2025-07-28 11:00:00,P4,Access,Closed,DB Team,Agent_C,Breached,59,No,Europe
INC100134,2025-01-15,2025-01-15 17:00:00,P4,Network,Resolved,DB Team,Agent_A,Met,17,No,Europe
INC100135,2025-12-12,2025-12-13 19:00:00,P3,Database,Closed,App Team,Agent_C,Breached,43,No,Europe
INC100136,2025-02-11,2025-02-14 08:00:00,P3,Database,Closed,DB Team,Agent_F,Breached,80,No,US
INC100137,2025-06-28,2025-06-30 18:00:00,P2,Access,Closed,Infra Team,Agent_F,Breached,66,No,APAC
INC100138,2025-03-04,,P2,Access,Open,L1 Support,Agent_A,In Progress,34,No,US
INC100139,2025-12-18,2025-12-18 08:00:00,P3,Hardware,Closed,App Team,Agent_D,Met,8,No,India
INC100140,2025-08-19,2025-08-19 13:00:00,P3,Application,Closed,Infra Team,Agent_C,Met,13,No,APAC
INC100141,2025-08-29,2025-08-29 08:00:00,P3,Access,Resolved,L2 Support,Agent_D,Met,8,No,Europe
INC100142,2025-02-21,2025-02-24 22:00:00,P1,Access,Closed,L1 Support,Agent_D,Breached,94,No,US
INC100143,2025-04-06,,P4,Network,Open,DB Team,Agent_B,In Progress,94,No,Europe
INC100144,2025-08-10,2025-08-12 17:00:00,P4,Database,Closed,L1 Support,Agent_A,Breached,65,No,Europe
INC100145,2025-08-19,,P3,Application,Pending,L2 Support,Agent_E,In Progress,43,No,India
INC100146,2025-08-25,2025-08-26 15:00:00,P3,Network,Closed,App Team,Agent_F,Breached,39,No,APAC
INC100147,2025-05-23,2025-05-26 09:00:00,P3,Hardware,Resolved,App Team,Agent_F,Breached,81,No,India
INC100148,2025-06-20,2025-06-22 11:00:00,P4,Hardware,Closed,App Team,Agent_A,Breached,59,No,India
INC100149,2025-01-29,2025-02-01 12:00:00,P3,Access,Closed,DB Team,Agent_E,Breached,84,No,India
INC100150,2025-02-05,2025-02-08 16:00:00,P2,Access,Closed,Infra Team,Agent_F,Breached,88,No,Europe
INC100151,2025-01-13,2025-01-16 14:00:00,P4,Hardware,Closed,Infra Team,Agent_A,Breached,86,No,India
INC100152,2025-06-09,2025-06-12 21:00:00,P4,Access,Closed,L1 Support,Agent_F,Breached,93,No,India
INC100153,2025-11-23,2025-11-26 14:00:00,P4,Application,Closed,DB Team,Agent_D,Breached,86,No,APAC
INC100154,2025-07-06,,P4,Access,Pending,App Team,Agent_C,In Progress,44,No,APAC
INC100155,2025-08-31,2025-08-31 09:00:00,P3,Database,Closed,App Team,Agent_C,Met,9,No,India
INC100156,2025-03-27,2025-03-28 13:00:00,P3,Access,Closed,L2 Support,Agent_F,Breached,37,No,APAC
INC100157,2025-10-11,,P4,Network,Open,L2 Support,Agent_B,In Progress,74,No,APAC
INC100158,2025-03-07,,P4,Application,Pending,App Team,Agent_E,In Progress,36,No,India
INC100159,2025-06-19,2025-06-22 20:00:00,P1,Network,Closed,App Team,Agent_E,Breached,92,No,Europe
INC100160,2025-02-14,2025-02-15 04:00:00,P1,Network,Closed,DB Team,Agent_E,Breached,28,No,India
INC100161,2025-03-03,2025-03-04 18:00:00,P3,Database,Closed,Infra Team,Agent_D,Breached,42,No,APAC
INC100162,2025-05-14,,P4,Application,Pending,L2 Support,Agent_E,In Progress,43,No,Europe
INC100163,2025-10-11,,P4,Application,Open,Infra Team,Agent_C,In Progress,85,No,US
INC100164,2025-01-28,2025-01-31 16:00:00,P2,Application,Closed,DB Team,Agent_D,Breached,88,No,Europe
INC100165,2025-04-18,,P3,Application,Pending,App Team,Agent_A,In Progress,42,Yes,APAC
INC100166,2025-02-13,,P3,Application,Pending,Infra Team,Agent_E,In Progress,66,No,Europe
INC100167,2025-12-06,,P4,Database,Open,App Team,Agent_E,In Progress,55,No,India
INC100168,2025-10-13,2025-10-16 00:00:00,P4,Access,Resolved,App Team,Agent_A,Breached,72,No,US
INC100169,2025-11-27,2025-11-29 00:00:00,P4,Network,Closed,L1 Support,Agent_E,Breached,48,No,US
INC100170,2025-05-08,2025-05-11 19:00:00,P3,Application,Closed,Infra Team,Agent_A,Breached,91,Yes,US
INC100171,2025-12-14,2025-12-14 22:00:00,P3,Access,Closed,Infra Team,Agent_D,Met,22,Yes,APAC
INC100172,2025-08-19,2025-08-20 03:00:00,P2,Access,Closed,App Team,Agent_C,Breached,27,No,APAC
INC100173,2025-07-09,2025-07-12 21:00:00,P1,Network,Closed,DB Team,Agent_A,Breached,93,No,US
INC100174,2025-08-13,2025-08-15 19:00:00,P4,Database,Resolved,L1 Support,Agent_B,Breached,67,No,Europe
INC100175,2025-10-10,2025-10-10 13:00:00,P4,Hardware,Closed,App Team,Agent_A,Met,13,No,US
INC100176,2025-05-01,2025-05-02 21:00:00,P4,Hardware,Closed,L2 Support,Agent_E,Breached,45,No,Europe
INC100177,2025-04-26,2025-04-26 10:00:00,P4,Access,Closed,L2 Support,Agent_D,Met,10,No,Europe
INC100178,2025-08-21,2025-08-21 09:00:00,P3,Network,Resolved,L1 Support,Agent_F,Met,9,No,APAC
INC100179,2025-09-16,2025-09-18 06:00:00,P4,Hardware,Closed,DB Team,Agent_D,Breached,54,No,Europe
INC100180,2025-12-25,2025-12-26 03:00:00,P4,Access,Closed,App Team,Agent_F,Breached,27,No,US
INC100181,2025-07-17,2025-07-18 10:00:00,P4,Database,Closed,Infra Team,Agent_A,Breached,34,Yes,APAC
INC100182,2025-05-17,2025-05-17 01:00:00,P2,Hardware,Closed,L1 Support,Agent_C,Met,1,No,India
INC100183,2025-11-14,2025-11-15 08:00:00,P3,Access,Resolved,DB Team,Agent_B,Breached,32,No,India
INC100184,2025-06-14,2025-06-17 17:00:00,P2,Access,Resolved,Infra Team,Agent_D,Breached,89,No,APAC
INC100185,2025-08-13,2025-08-16 21:00:00,P4,Application,Closed,L2 Support,Agent_E,Breached,93,No,US
INC100186,2025-11-03,2025-11-05 23:00:00,P3,Database,Resolved,L2 Support,Agent_F,Breached,71,No,India
INC100187,2025-08-22,,P2,Application,Open,Infra Team,Agent_E,In Progress,67,No,India
INC100188,2025-06-21,2025-06-24 12:00:00,P3,Network,Resolved,L1 Support,Agent_C,Breached,84,No,Europe
INC100189,2025-06-01,2025-06-01 20:00:00,P3,Application,Closed,L2 Support,Agent_F,Met,20,No,Europe
INC100190,2025-11-11,2025-11-14 22:00:00,P3,Application,Closed,App Team,Agent_D,Breached,94,No,US
INC100191,2025-06-09,2025-06-10 11:00:00,P2,Hardware,Closed,Infra Team,Agent_A,Breached,35,No,APAC
INC100192,2025-04-06,,P3,Access,Open,Infra Team,Agent_E,In Progress,91,No,US
INC100193,2025-08-21,2025-08-24 18:00:00,P3,Database,Closed,L2 Support,Agent_C,Breached,90,No,APAC
INC100194,2025-06-29,2025-07-02 06:00:00,P4,Application,Closed,L1 Support,Agent_D,Breached,78,No,India
INC100195,2025-04-23,2025-04-23 17:00:00,P3,Database,Closed,App Team,Agent_D,Met,17,No,Europe
INC100196,2025-11-14,,P4,Application,Pending,L1 Support,Agent_D,In Progress,18,No,US
INC100197,2025-02-21,2025-02-22 21:00:00,P3,Network,Closed,DB Team,Agent_D,Breached,45,No,US
INC100198,2025-09-25,,P3,Application,Open,DB Team,Agent_F,In Progress,93,No,APAC
INC100199,2025-10-22,2025-10-25 12:00:00,P4,Hardware,Resolved,L2 Support,Agent_D,Breached,84,No,APAC
INC100200,2025-04-23,2025-04-25 05:00:00,P3,Access,Closed,L2 Support,Agent_E,Breached,53,No,US
INC100201,2025-04-11,,P2,Network,Open,L2 Support,Agent_C,In Progress,91,No,APAC
INC100202,2025-04-23,2025-04-26 10:00:00,P1,Application,Closed,DB Team,Agent_F,Breached,82,No,US
INC100203,2025-03-22,2025-03-24 20:00:00,P4,Database,Resolved,L1 Support,Agent_D,Breached,68,No,US
INC100204,2025-07-06,2025-07-08 17:00:00,P3,Network,Closed,L1 Support,Agent_B,Breached,65,No,US
INC100205,2025-04-23,,P4,Network,Open,L2 Support,Agent_B,In Progress,1,No,India
INC100206,2025-01-02,,P2,Application,Pending,App Team,Agent_C,In Progress,58,No,APAC
INC100207,2025-05-10,2025-05-11 02:00:00,P2,Network,Resolved,L1 Support,Agent_A,Breached,26,No,Europe
INC100208,2025-08-08,,P1,Database,Open,DB Team,Agent_A,In Progress,20,No,Europe
INC100209,2025-02-23,2025-02-26 15:00:00,P3,Network,Closed,Infra Team,Agent_F,Breached,87,No,APAC
INC100210,2025-12-09,,P3,Database,Open,Infra Team,Agent_F,In Progress,10,No,US
INC100211,2025-08-12,2025-08-14 11:00:00,P3,Application,Resolved,Infra Team,Agent_F,Breached,59,Yes,Europe
INC100212,2025-08-13,,P3,Access,Open,App Team,Agent_A,In Progress,75,No,Europe
INC100213,2025-05-06,2025-05-07 17:00:00,P4,Network,Closed,L2 Support,Agent_B,Breached,41,Yes,APAC
INC100214,2025-05-10,2025-05-10 05:00:00,P3,Access,Resolved,DB Team,Agent_A,Met,5,No,Europe
INC100215,2025-02-22,,P3,Database,Open,App Team,Agent_E,In Progress,65,No,US
INC100216,2025-06-21,,P4,Network,Open,DB Team,Agent_D,In Progress,17,No,APAC
INC100217,2025-08-06,2025-08-06 22:00:00,P3,Hardware,Closed,DB Team,Agent_F,Met,22,No,US
INC100218,2025-06-09,,P3,Access,Open,L2 Support,Agent_B,In Progress,41,No,Europe
INC100219,2025-07-17,2025-07-20 21:00:00,P4,Network,Closed,Infra Team,Agent_C,Breached,93,Yes,Europe
INC100220,2025-09-04,,P4,Access,Open,L2 Support,Agent_C,In Progress,68,No,US
INC100221,2025-11-20,2025-11-22 21:00:00,P2,Network,Closed,App Team,Agent_D,Breached,69,No,India
INC100222,2025-07-22,,P4,Application,Open,App Team,Agent_B,In Progress,11,No,Europe
INC100223,2025-07-03,2025-07-05 08:00:00,P3,Access,Resolved,App Team,Agent_A,Breached,56,No,India
INC100224,2025-05-03,2025-05-05 03:00:00,P2,Hardware,Closed,L2 Support,Agent_A,Breached,51,No,Europe
INC100225,2025-09-12,2025-09-12 21:00:00,P3,Hardware,Resolved,DB Team,Agent_E,Met,21,No,India
INC100226,2025-10-21,2025-10-24 04:00:00,P4,Database,Closed,DB Team,Agent_E,Breached,76,No,India
INC100227,2025-10-07,2025-10-08 02:00:00,P3,Network,Resolved,L1 Support,Agent_A,Breached,26,No,India
INC100228,2025-11-21,,P3,Access,Pending,App Team,Agent_C,In Progress,19,No,US
INC100229,2025-04-08,,P3,Database,Open,DB Team,Agent_F,In Progress,60,No,India
INC100230,2025-07-17,,P2,Access,Pending,L1 Support,Agent_C,In Progress,71,No,India
INC100231,2025-08-28,2025-08-29 23:00:00,P1,Network,Resolved,DB Team,Agent_E,Breached,47,No,India
INC100232,2025-05-24,2025-05-26 23:00:00,P2,Hardware,Closed,App Team,Agent_D,Breached,71,No,Europe
INC100233,2025-04-07,2025-04-08 02:00:00,P2,Application,Closed,Infra Team,Agent_A,Breached,26,Yes,India
INC100234,2025-07-20,,P2,Hardware,Open,App Team,Agent_E,In Progress,40,No,Europe
INC100235,2025-05-04,,P2,Database,Pending,L2 Support,Agent_E,In Progress,5,No,India
INC100236,2025-07-06,,P3,Application,Pending,DB Team,Agent_F,In Progress,21,No,India
INC100237,2025-11-22,,P2,Database,Pending,DB Team,Agent_A,In Progress,78,No,US
INC100238,2025-12-15,2025-12-15 04:00:00,P3,Network,Closed,L2 Support,Agent_F,Met,4,Yes,Europe
INC100239,2025-09-16,,P4,Application,Pending,L2 Support,Agent_A,In Progress,23,No,India
INC100240,2025-05-28,2025-05-31 12:00:00,P3,Database,Closed,Infra Team,Agent_F,Breached,84,No,Europe
INC100241,2025-09-09,2025-09-09 15:00:00,P3,Network,Closed,DB Team,Agent_C,Met,15,No,Europe
INC100242,2025-12-12,2025-12-15 21:00:00,P2,Hardware,Closed,DB Team,Agent_D,Breached,93,No,APAC
INC100243,2025-05-27,2025-05-27 08:00:00,P2,Network,Closed,Infra Team,Agent_D,Met,8,Yes,US
INC100244,2025-05-28,2025-05-29 17:00:00,P1,Access,Closed,L1 Support,Agent_A,Breached,41,No,US
INC100245,2025-12-18,2025-12-18 19:00:00,P2,Network,Closed,Infra Team,Agent_B,Met,19,Yes,US
INC100246,2025-07-18,,P2,Network,Open,App Team,Agent_E,In Progress,46,No,APAC
INC100247,2025-11-04,2025-11-05 04:00:00,P2,Access,Closed,DB Team,Agent_E,Breached,28,No,APAC
INC100248,2025-05-08,2025-05-11 19:00:00,P1,Database,Closed,L2 Support,Agent_A,Breached,91,No,US
INC100249,2025-02-08,2025-02-10 20:00:00,P2,Database,Closed,App Team,Agent_F,Breached,68,No,APAC
INC100250,2025-12-04,2025-12-04 15:00:00,P3,Network,Closed,DB Team,Agent_B,Met,15,No,APAC
INC100251,2025-12-26,2025-12-27 13:00:00,P2,Access,Closed,Infra Team,Agent_C,Breached,37,No,APAC
INC100252,2025-05-09,2025-05-09 01:00:00,P3,Access,Closed,App Team,Agent_F,Met,1,No,US
INC100253,2025-09-24,,P3,Hardware,Open,DB Team,Agent_F,In Progress,67,No,US
INC100254,2025-05-31,,P3,Database,Open,L1 Support,Agent_A,In Progress,24,No,US
INC100255,2025-10-25,,P1,Application,Open,L1 Support,Agent_A,In Progress,27,Yes,APAC
INC100256,2025-04-09,2025-04-10 16:00:00,P4,Database,Closed,L2 Support,Agent_E,Breached,40,No,US
INC100257,2025-09-20,2025-09-22 15:00:00,P3,Database,Closed,DB Team,Agent_A,Breached,63,No,APAC
INC100258,2025-09-09,2025-09-11 13:00:00,P1,Hardware,Resolved,L1 Support,Agent_A,Breached,61,No,India
INC100259,2025-05-24,2025-05-25 12:00:00,P4,Application,Closed,Infra Team,Agent_A,Breached,36,No,APAC
INC100260,2025-12-12,2025-12-15 21:00:00,P4,Hardware,Closed,DB Team,Agent_E,Breached,93,No,Europe
INC100261,2025-04-22,2025-04-23 00:00:00,P1,Application,Closed,Infra Team,Agent_C,Met,24,Yes,US
INC100262,2025-03-01,2025-03-02 00:00:00,P2,Network,Closed,Infra Team,Agent_C,Met,24,No,US
INC100263,2025-01-02,2025-01-02 04:00:00,P4,Application,Closed,L1 Support,Agent_A,Met,4,No,Europe
INC100264,2025-10-31,2025-11-02 19:00:00,P4,Hardware,Closed,DB Team,Agent_E,Breached,67,No,APAC
INC100265,2025-09-11,,P2,Database,Open,App Team,Agent_C,In Progress,34,Yes,India
INC100266,2025-05-20,2025-05-22 09:00:00,P2,Application,Closed,L1 Support,Agent_F,Breached,57,No,Europe
INC100267,2025-02-06,,P3,Application,Open,L1 Support,Agent_C,In Progress,49,No,Europe
INC100268,2025-06-09,,P3,Access,Pending,DB Team,Agent_C,In Progress,87,No,APAC
INC100269,2025-01-09,,P3,Database,Pending,DB Team,Agent_E,In Progress,53,Yes,US
INC100270,2025-08-21,,P3,Network,Pending,Infra Team,Agent_F,In Progress,23,No,APAC
INC100271,2025-04-09,2025-04-11 21:00:00,P3,Hardware,Resolved,DB Team,Agent_E,Breached,69,No,Europe
INC100272,2025-05-27,2025-05-30 23:00:00,P4,Network,Closed,Infra Team,Agent_A,Breached,95,No,Europe
INC100273,2025-10-31,2025-11-02 05:00:00,P1,Database,Closed,L1 Support,Agent_D,Breached,53,No,US
INC100274,2025-07-27,2025-07-29 14:00:00,P2,Application,Closed,L2 Support,Agent_C,Breached,62,No,US
INC100275,2025-05-11,,P4,Application,Open,App Team,Agent_D,In Progress,41,No,US
INC100276,2025-06-01,2025-06-03 09:00:00,P4,Database,Resolved,L1 Support,Agent_E,Breached,57,No,APAC
INC100277,2025-02-23,2025-02-25 12:00:00,P3,Application,Closed,DB Team,Agent_E,Breached,60,No,US
INC100278,2025-04-30,2025-05-02 06:00:00,P3,Application,Resolved,App Team,Agent_E,Breached,54,No,Europe
INC100279,2025-06-10,2025-06-12 22:00:00,P2,Application,Closed,L2 Support,Agent_D,Breached,70,No,Europe
INC100280,2025-04-26,2025-04-28 09:00:00,P3,Hardware,Resolved,L2 Support,Agent_E,Breached,57,No,India
INC100281,2025-03-16,2025-03-16 10:00:00,P3,Hardware,Closed,Infra Team,Agent_A,Met,10,No,APAC
INC100282,2025-04-23,2025-04-24 16:00:00,P2,Access,Closed,App Team,Agent_E,Breached,40,No,India
INC100283,2025-04-14,2025-04-14 07:00:00,P2,Network,Closed,Infra Team,Agent_B,Met,7,No,Europe
INC100284,2025-12-06,2025-12-07 14:00:00,P3,Database,Closed,L1 Support,Agent_D,Breached,38,No,India
INC100285,2025-09-11,2025-09-14 13:00:00,P1,Database,Closed,App Team,Agent_B,Breached,85,No,Europe
INC100286,2025-08-15,2025-08-17 13:00:00,P3,Database,Closed,L1 Support,Agent_E,Breached,61,No,India
INC100287,2025-04-22,,P2,Access,Pending,Infra Team,Agent_A,In Progress,84,No,US
INC100288,2025-04-09,2025-04-09 03:00:00,P3,Hardware,Closed,App Team,Agent_C,Met,3,No,India
INC100289,2025-06-02,2025-06-04 03:00:00,P2,Access,Closed,Infra Team,Agent_F,Breached,51,No,US
INC100290,2025-12-15,,P4,Database,Open,App Team,Agent_F,In Progress,86,No,US
INC100291,2025-12-04,,P3,Network,Pending,Infra Team,Agent_E,In Progress,47,No,APAC
INC100292,2025-07-13,2025-07-15 20:00:00,P3,Application,Closed,L2 Support,Agent_A,Breached,68,No,US
INC100293,2025-11-06,2025-11-09 20:00:00,P4,Hardware,Closed,Infra Team,Agent_D,Breached,92,No,US
INC100294,2025-06-12,2025-06-15 04:00:00,P3,Hardware,Closed,L2 Support,Agent_B,Breached,76,No,India
INC100295,2025-07-27,2025-07-28 14:00:00,P1,Access,Closed,Infra Team,Agent_B,Breached,38,No,Europe
INC100296,2025-06-18,,P3,Hardware,Open,App Team,Agent_B,In Progress,36,No,APAC
INC100297,2025-06-10,2025-06-11 17:00:00,P3,Database,Closed,App Team,Agent_D,Breached,41,No,US
INC100298,2025-03-09,2025-03-11 21:00:00,P4,Database,Closed,App Team,Agent_F,Breached,69,No,APAC
INC100299,2025-10-16,,P3,Access,Pending,DB Team,Agent_A,In Progress,13,No,India
INC100300,2025-10-04,2025-10-07 15:00:00,P2,Database,Closed,L1 Support,Agent_D,Breached,87,No,US
INC100301,2025-10-31,,P2,Network,Open,App Team,Agent_B,In Progress,58,No,India
INC100302,2025-05-15,2025-05-17 02:00:00,P3,Access,Closed,L2 Support,Agent_E,Breached,50,No,APAC
INC100303,2025-07-14,2025-07-15 06:00:00,P3,Network,Resolved,App Team,Agent_C,Breached,30,Yes,India
INC100304,2025-05-08,2025-05-10 14:00:00,P3,Application,Closed,DB Team,Agent_D,Breached,62,No,APAC
INC100305,2025-02-02,,P3,Network,Pending,L2 Support,Agent_D,In Progress,25,No,India
INC100306,2025-06-25,,P4,Application,Open,DB Team,Agent_A,In Progress,27,No,APAC
INC100307,2025-01-22,2025-01-24 03:00:00,P3,Application,Closed,L2 Support,Agent_A,Breached,51,No,Europe
INC100308,2025-08-26,,P2,Network,Open,Infra Team,Agent_D,In Progress,78,No,India
INC100309,2025-06-07,2025-06-09 09:00:00,P2,Access,Resolved,L1 Support,Agent_B,Breached,57,No,India
INC100310,2025-02-07,,P2,Database,Open,L1 Support,Agent_C,In Progress,47,No,Europe
INC100311,2025-08-18,,P2,Database,Pending,DB Team,Agent_A,In Progress,39,No,Europe
INC100312,2025-12-31,2025-12-31 16:00:00,P2,Application,Resolved,L1 Support,Agent_B,Met,16,No,India
INC100313,2025-02-20,2025-02-20 22:00:00,P2,Application,Closed,DB Team,Agent_E,Met,22,No,Europe
INC100314,2025-09-21,2025-09-24 13:00:00,P2,Access,Closed,DB Team,Agent_A,Breached,85,No,US
INC100315,2025-10-10,,P2,Hardware,Open,DB Team,Agent_B,In Progress,54,No,APAC
INC100316,2025-01-27,2025-01-27 21:00:00,P4,Network,Closed,L1 Support,Agent_B,Met,21,No,APAC
INC100317,2025-08-14,,P1,Application,Pending,DB Team,Agent_C,In Progress,72,No,APAC
INC100318,2025-10-04,2025-10-04 16:00:00,P3,Database,Resolved,L1 Support,Agent_C,Met,16,No,US
INC100319,2025-10-13,2025-10-15 11:00:00,P3,Access,Closed,DB Team,Agent_E,Breached,59,No,Europe
INC100320,2025-04-07,2025-04-08 07:00:00,P4,Network,Closed,App Team,Agent_B,Breached,31,No,Europe
INC100321,2025-10-11,,P2,Access,Pending,DB Team,Agent_F,In Progress,42,No,India
INC100322,2025-11-13,2025-11-16 02:00:00,P3,Network,Closed,L2 Support,Agent_B,Breached,74,No,Europe
INC100323,2025-10-31,,P4,Network,Pending,DB Team,Agent_C,In Progress,32,No,India
INC100324,2025-05-27,2025-05-29 11:00:00,P4,Application,Closed,Infra Team,Agent_F,Breached,59,No,US
INC100325,2025-01-04,,P4,Access,Open,DB Team,Agent_A,In Progress,34,No,APAC
INC100326,2025-02-04,2025-02-04 09:00:00,P2,Access,Closed,L2 Support,Agent_A,Met,9,Yes,APAC
INC100327,2025-07-11,,P2,Database,Open,L2 Support,Agent_D,In Progress,81,No,APAC
INC100328,2025-02-18,2025-02-18 11:00:00,P3,Database,Closed,L1 Support,Agent_C,Met,11,No,Europe
INC100329,2025-01-17,,P4,Application,Open,App Team,Agent_D,In Progress,10,No,India
INC100330,2025-06-21,2025-06-24 14:00:00,P3,Application,Closed,DB Team,Agent_F,Breached,86,Yes,India
INC100331,2025-08-08,,P3,Hardware,Pending,L1 Support,Agent_C,In Progress,17,No,US
INC100332,2025-06-07,2025-06-09 20:00:00,P2,Database,Resolved,App Team,Agent_E,Breached,68,Yes,Europe
INC100333,2025-02-15,2025-02-17 00:00:00,P4,Network,Closed,DB Team,Agent_B,Breached,48,No,US
INC100334,2025-01-06,2025-01-08 04:00:00,P2,Access,Closed,Infra Team,Agent_E,Breached,52,No,India
INC100335,2025-04-09,2025-04-10 01:00:00,P3,Application,Closed,DB Team,Agent_F,Breached,25,No,India
INC100336,2025-08-21,,P3,Access,Open,L2 Support,Agent_C,In Progress,21,Yes,APAC
INC100337,2025-02-06,,P3,Access,Open,L2 Support,Agent_F,In Progress,65,No,Europe
INC100338,2025-10-07,2025-10-09 15:00:00,P2,Hardware,Closed,Infra Team,Agent_B,Breached,63,No,India
INC100339,2025-12-15,2025-12-18 17:00:00,P2,Database,Closed,L1 Support,Agent_A,Breached,89,No,APAC
INC100340,2025-10-29,2025-10-31 03:00:00,P3,Application,Closed,App Team,Agent_A,Breached,51,No,Europe
INC100341,2025-06-30,,P2,Access,Open,DB Team,Agent_F,In Progress,36,No,US
INC100342,2025-04-05,2025-04-08 09:00:00,P3,Application,Closed,L2 Support,Agent_D,Breached,81,No,Europe
INC100343,2025-04-09,2025-04-12 16:00:00,P2,Network,Resolved,L1 Support,Agent_C,Breached,88,No,Europe
INC100344,2025-07-07,2025-07-09 18:00:00,P3,Hardware,Closed,Infra Team,Agent_C,Breached,66,No,India
INC100345,2025-04-26,,P3,Network,Open,L2 Support,Agent_A,In Progress,15,No,India
INC100346,2025-07-10,2025-07-11 15:00:00,P1,Application,Closed,Infra Team,Agent_E,Breached,39,No,Europe
INC100347,2025-09-10,2025-09-12 22:00:00,P3,Application,Closed,DB Team,Agent_B,Breached,70,No,India
INC100348,2025-06-10,,P2,Database,Pending,App Team,Agent_E,In Progress,1,Yes,India
INC100349,2025-09-13,,P1,Access,Open,L2 Support,Agent_E,In Progress,23,Yes,India
INC100350,2025-11-19,2025-11-20 15:00:00,P4,Access,Resolved,L2 Support,Agent_F,Breached,39,No,APAC
INC100351,2025-05-08,2025-05-10 09:00:00,P3,Network,Closed,DB Team,Agent_A,Breached,57,No,APAC
INC100352,2025-01-18,2025-01-21 09:00:00,P4,Hardware,Closed,L1 Support,Agent_A,Breached,81,No,Europe
INC100353,2025-10-08,,P2,Access,Pending,App Team,Agent_A,In Progress,34,No,India
INC100354,2025-08-11,,P3,Database,Open,L2 Support,Agent_F,In Progress,41,No,APAC
INC100355,2025-02-23,2025-02-26 21:00:00,P4,Network,Closed,App Team,Agent_D,Breached,93,No,Europe
INC100356,2025-02-27,2025-03-02 01:00:00,P3,Network,Closed,L2 Support,Agent_E,Breached,73,No,India
INC100357,2025-11-19,2025-11-19 13:00:00,P3,Database,Closed,App Team,Agent_F,Met,13,Yes,US
INC100358,2025-12-26,2025-12-28 22:00:00,P3,Hardware,Resolved,Infra Team,Agent_C,Breached,70,No,India
INC100359,2025-06-23,2025-06-23 06:00:00,P3,Database,Closed,L2 Support,Agent_B,Met,6,No,India
INC100360,2025-10-07,2025-10-10 12:00:00,P4,Hardware,Closed,App Team,Agent_D,Breached,84,Yes,APAC
INC100361,2025-04-24,2025-04-26 04:00:00,P4,Database,Closed,L1 Support,Agent_C,Breached,52,No,Europe
INC100362,2025-10-15,2025-10-15 03:00:00,P4,Database,Closed,Infra Team,Agent_E,Met,3,No,Europe
INC100363,2025-12-08,2025-12-11 09:00:00,P2,Application,Closed,Infra Team,Agent_A,Breached,81,No,APAC
INC100364,2025-05-31,2025-06-02 15:00:00,P4,Network,Closed,L1 Support,Agent_E,Breached,63,No,India
INC100365,2025-05-07,2025-05-09 01:00:00,P4,Database,Closed,App Team,Agent_F,Breached,49,No,US
INC100366,2025-06-04,,P2,Database,Pending,DB Team,Agent_B,In Progress,76,No,India
INC100367,2025-09-30,2025-10-01 23:00:00,P1,Access,Closed,L1 Support,Agent_F,Breached,47,Yes,India
INC100368,2025-04-14,2025-04-16 07:00:00,P4,Network,Closed,App Team,Agent_D,Breached,55,No,US
INC100369,2025-10-26,2025-10-28 16:00:00,P3,Access,Resolved,L1 Support,Agent_D,Breached,64,No,APAC
INC100370,2025-09-03,,P4,Network,Open,L1 Support,Agent_B,In Progress,65,No,Europe
INC100371,2025-06-25,2025-06-28 09:00:00,P2,Access,Closed,L2 Support,Agent_C,Breached,81,Yes,APAC
INC100372,2025-02-08,2025-02-10 19:00:00,P4,Database,Closed,App Team,Agent_C,Breached,67,No,APAC
INC100373,2025-06-19,2025-06-22 18:00:00,P2,Database,Closed,DB Team,Agent_D,Breached,90,No,India
INC100374,2025-09-04,,P2,Application,Open,L2 Support,Agent_D,In Progress,15,No,Europe
INC100375,2025-01-26,2025-01-27 08:00:00,P2,Access,Resolved,L1 Support,Agent_A,Breached,32,No,Europe
INC100376,2025-12-21,,P4,Hardware,Open,L1 Support,Agent_C,In Progress,68,No,APAC
INC100377,2025-11-02,,P3,Application,Open,L1 Support,Agent_B,In Progress,18,No,US
INC100378,2025-01-13,,P3,Access,Pending,App Team,Agent_C,In Progress,83,No,APAC
INC100379,2025-11-12,2025-11-13 19:00:00,P3,Access,Closed,App Team,Agent_A,Breached,43,No,US
INC100380,2025-11-09,2025-11-10 11:00:00,P4,Application,Closed,L2 Support,Agent_F,Breached,35,No,Europe
INC100381,2025-02-05,,P3,Database,Open,DB Team,Agent_D,In Progress,78,No,APAC
INC100382,2025-06-22,2025-06-24 10:00:00,P4,Access,Resolved,L2 Support,Agent_D,Breached,58,No,India
INC100383,2025-01-20,2025-01-21 09:00:00,P3,Database,Closed,Infra Team,Agent_A,Breached,33,No,APAC
INC100384,2025-11-17,,P3,Application,Open,L1 Support,Agent_B,In Progress,14,No,Europe
INC100385,2025-09-21,2025-09-22 10:00:00,P3,Database,Closed,L1 Support,Agent_D,Breached,34,No,India
INC100386,2025-05-22,2025-05-24 13:00:00,P3,Network,Closed,L1 Support,Agent_E,Breached,61,No,India
INC100387,2025-05-23,2025-05-23 04:00:00,P4,Hardware,Closed,L2 Support,Agent_D,Met,4,No,US
INC100388,2025-04-02,2025-04-05 16:00:00,P3,Access,Closed,L2 Support,Agent_E,Breached,88,No,India
INC100389,2025-12-20,,P2,Hardware,Pending,L1 Support,Agent_A,In Progress,59,No,India
INC100390,2025-11-18,2025-11-19 05:00:00,P4,Database,Closed,L2 Support,Agent_A,Breached,29,No,APAC
INC100391,2025-10-15,,P3,Access,Open,App Team,Agent_D,In Progress,83,No,Europe
INC100392,2025-08-03,,P3,Database,Pending,App Team,Agent_C,In Progress,6,No,US
INC100393,2025-12-08,2025-12-10 01:00:00,P4,Network,Resolved,L2 Support,Agent_E,Breached,49,No,APAC
INC100394,2025-02-20,2025-02-21 16:00:00,P3,Application,Closed,L1 Support,Agent_B,Breached,40,No,India
INC100395,2025-06-02,2025-06-05 11:00:00,P2,Access,Closed,L2 Support,Agent_D,Breached,83,No,India
INC100396,2025-07-05,2025-07-07 17:00:00,P4,Network,Closed,L2 Support,Agent_B,Breached,65,No,US
INC100397,2025-03-04,2025-03-06 21:00:00,P3,Network,Resolved,L2 Support,Agent_D,Breached,69,Yes,Europe
INC100398,2025-07-09,2025-07-10 03:00:00,P3,Access,Resolved,Infra Team,Agent_C,Breached,27,No,US
INC100399,2025-05-05,2025-05-08 08:00:00,P2,Database,Closed,App Team,Agent_C,Breached,80,No,APAC
INC100400,2025-05-30,,P4,Network,Pending,DB Team,Agent_C,In Progress,6,No,US
INC100401,2025-11-10,2025-11-10 13:00:00,P3,Hardware,Closed,DB Team,Agent_F,Met,13,No,India
INC100402,2025-02-27,,P3,Network,Open,Infra Team,Agent_C,In Progress,64,No,APAC
INC100403,2025-12-08,2025-12-10 14:00:00,P4,Database,Closed,L2 Support,Agent_A,Breached,62,No,India
INC100404,2025-11-01,,P4,Database,Pending,Infra Team,Agent_A,In Progress,19,No,Europe
INC100405,2025-06-29,2025-07-02 04:00:00,P2,Hardware,Closed,Infra Team,Agent_F,Breached,76,No,India
INC100406,2025-06-19,,P3,Network,Pending,L1 Support,Agent_E,In Progress,80,No,India
INC100407,2025-11-22,,P2,Database,Pending,App Team,Agent_B,In Progress,43,No,US
INC100408,2025-09-28,,P4,Access,Pending,DB Team,Agent_D,In Progress,74,No,India
INC100409,2025-02-23,2025-02-26 17:00:00,P1,Application,Closed,L2 Support,Agent_D,Breached,89,No,APAC
INC100410,2025-04-11,2025-04-11 20:00:00,P3,Application,Closed,DB Team,Agent_F,Met,20,No,APAC
INC100411,2025-09-21,2025-09-24 23:00:00,P4,Application,Closed,DB Team,Agent_A,Breached,95,No,Europe
INC100412,2025-02-22,2025-02-24 20:00:00,P4,Network,Closed,App Team,Agent_D,Breached,68,No,APAC
INC100413,2025-03-01,2025-03-02 20:00:00,P3,Hardware,Closed,DB Team,Agent_A,Breached,44,No,US
INC100414,2025-04-18,2025-04-18 23:00:00,P4,Database,Resolved,DB Team,Agent_E,Met,23,No,Europe
INC100415,2025-01-05,,P2,Access,Open,Infra Team,Agent_B,In Progress,2,No,APAC
INC100416,2025-04-13,2025-04-13 22:00:00,P4,Access,Closed,App Team,Agent_E,Met,22,No,US
INC100417,2025-07-15,2025-07-17 09:00:00,P2,Network,Closed,L1 Support,Agent_F,Breached,57,No,APAC
INC100418,2025-09-19,2025-09-22 00:00:00,P3,Application,Closed,L2 Support,Agent_C,Breached,72,Yes,APAC
INC100419,2025-12-31,,P4,Network,Open,DB Team,Agent_C,In Progress,7,No,India
INC100420,2025-12-16,2025-12-19 06:00:00,P2,Hardware,Closed,L2 Support,Agent_C,Breached,78,No,APAC
INC100421,2025-02-16,2025-02-18 08:00:00,P2,Hardware,Resolved,L1 Support,Agent_E,Breached,56,No,APAC
INC100422,2025-12-21,2025-12-23 19:00:00,P4,Database,Closed,L2 Support,Agent_D,Breached,67,No,US
INC100423,2025-11-07,2025-11-07 16:00:00,P4,Database,Resolved,L1 Support,Agent_B,Met,16,No,US
INC100424,2025-11-04,2025-11-07 11:00:00,P3,Hardware,Resolved,Infra Team,Agent_C,Breached,83,No,India
INC100425,2025-05-24,2025-05-26 03:00:00,P3,Hardware,Closed,DB Team,Agent_F,Breached,51,No,APAC
INC100426,2025-09-26,2025-09-29 10:00:00,P3,Hardware,Resolved,L1 Support,Agent_F,Breached,82,No,India
INC100427,2025-05-04,2025-05-07 08:00:00,P2,Network,Closed,L2 Support,Agent_C,Breached,80,No,APAC
INC100428,2025-04-16,,P3,Hardware,Pending,DB Team,Agent_C,In Progress,72,No,Europe
INC100429,2025-06-07,2025-06-07 12:00:00,P2,Access,Closed,Infra Team,Agent_B,Met,12,No,Europe
INC100430,2025-05-27,2025-05-29 05:00:00,P4,Application,Resolved,DB Team,Agent_C,Breached,53,No,India
INC100431,2025-05-25,2025-05-28 03:00:00,P3,Hardware,Resolved,L1 Support,Agent_B,Breached,75,No,India
INC100432,2025-04-30,,P3,Application,Pending,Infra Team,Agent_F,In Progress,5,No,India
INC100433,2025-11-15,,P3,Network,Pending,L2 Support,Agent_C,In Progress,27,No,US
INC100434,2025-10-02,2025-10-02 12:00:00,P4,Application,Closed,Infra Team,Agent_E,Met,12,No,US
INC100435,2025-04-02,2025-04-02 17:00:00,P2,Network,Closed,Infra Team,Agent_E,Met,17,Yes,US
INC100436,2025-02-27,2025-02-27 06:00:00,P3,Access,Closed,App Team,Agent_F,Met,6,Yes,India
INC100437,2025-12-12,2025-12-12 05:00:00,P3,Network,Closed,Infra Team,Agent_B,Met,5,No,APAC
INC100438,2025-08-17,,P3,Network,Open,Infra Team,Agent_E,In Progress,57,Yes,Europe
INC100439,2025-04-27,2025-04-28 04:00:00,P1,Database,Closed,DB Team,Agent_B,Breached,28,No,India
INC100440,2025-11-14,2025-11-17 06:00:00,P4,Hardware,Resolved,L2 Support,Agent_E,Breached,78,No,US
INC100441,2025-10-06,,P4,Hardware,Open,DB Team,Agent_E,In Progress,69,No,US
INC100442,2025-05-07,,P3,Access,Pending,DB Team,Agent_B,In Progress,59,No,India
INC100443,2025-05-09,2025-05-10 09:00:00,P3,Access,Closed,L1 Support,Agent_D,Breached,33,No,India
INC100444,2025-02-27,2025-03-01 14:00:00,P4,Hardware,Resolved,DB Team,Agent_E,Breached,62,No,US
INC100445,2025-05-02,2025-05-04 02:00:00,P4,Database,Resolved,App Team,Agent_C,Breached,50,No,APAC
INC100446,2025-01-01,2025-01-01 19:00:00,P2,Hardware,Closed,App Team,Agent_F,Met,19,No,US
INC100447,2025-08-27,,P3,Database,Open,L1 Support,Agent_D,In Progress,86,No,US
INC100448,2025-10-17,,P3,Access,Pending,L2 Support,Agent_B,In Progress,69,No,India
INC100449,2025-04-06,2025-04-08 18:00:00,P3,Application,Closed,L2 Support,Agent_D,Breached,66,No,APAC
INC100450,2025-05-06,2025-05-09 22:00:00,P4,Access,Closed,DB Team,Agent_A,Breached,94,No,US
INC100451,2025-04-28,2025-04-29 23:00:00,P4,Access,Closed,DB Team,Agent_A,Breached,47,Yes,US
INC100452,2025-02-17,2025-02-18 15:00:00,P4,Network,Closed,DB Team,Agent_E,Breached,39,No,Europe
INC100453,2025-03-30,2025-04-01 20:00:00,P3,Network,Closed,L2 Support,Agent_E,Breached,68,No,India
INC100454,2025-08-25,2025-08-26 09:00:00,P2,Network,Closed,Infra Team,Agent_C,Breached,33,No,Europe
INC100455,2025-09-29,2025-09-29 13:00:00,P4,Network,Closed,App Team,Agent_F,Met,13,No,Europe
INC100456,2025-07-08,2025-07-11 12:00:00,P4,Database,Closed,Infra Team,Agent_D,Breached,84,No,US
INC100457,2025-07-11,2025-07-13 06:00:00,P2,Hardware,Resolved,Infra Team,Agent_A,Breached,54,Yes,India
INC100458,2025-03-10,2025-03-10 07:00:00,P4,Application,Closed,L2 Support,Agent_E,Met,7,No,APAC
INC100459,2025-10-05,2025-10-08 07:00:00,P4,Access,Resolved,Infra Team,Agent_F,Breached,79,Yes,US
INC100460,2025-12-15,2025-12-18 15:00:00,P3,Database,Closed,L1 Support,Agent_D,Breached,87,No,APAC
INC100461,2025-09-04,2025-09-04 14:00:00,P3,Application,Closed,DB Team,Agent_E,Met,14,No,APAC
INC100462,2025-03-17,2025-03-20 15:00:00,P3,Database,Closed,L1 Support,Agent_E,Breached,87,No,India
INC100463,2025-06-03,2025-06-03 19:00:00,P1,Database,Closed,App Team,Agent_A,Met,19,No,Europe
INC100464,2025-05-24,2025-05-26 06:00:00,P3,Access,Closed,DB Team,Agent_A,Breached,54,Yes,India
INC100465,2025-03-27,,P4,Hardware,Open,Infra Team,Agent_E,In Progress,93,No,APAC
INC100466,2025-07-04,2025-07-04 20:00:00,P1,Network,Closed,App Team,Agent_B,Met,20,Yes,US
INC100467,2025-10-12,,P3,Hardware,Open,DB Team,Agent_E,In Progress,29,No,APAC
INC100468,2025-08-08,,P3,Access,Open,Infra Team,Agent_F,In Progress,24,No,US
INC100469,2025-03-10,2025-03-13 10:00:00,P3,Access,Closed,L1 Support,Agent_E,Breached,82,No,US
INC100470,2025-02-16,2025-02-18 15:00:00,P4,Access,Closed,DB Team,Agent_C,Breached,63,No,India
INC100471,2025-04-04,,P3,Application,Pending,Infra Team,Agent_C,In Progress,74,No,APAC
INC100472,2025-08-26,2025-08-28 09:00:00,P3,Hardware,Closed,L1 Support,Agent_C,Breached,57,No,Europe
INC100473,2025-07-23,2025-07-23 08:00:00,P4,Hardware,Closed,App Team,Agent_B,Met,8,No,APAC
INC100474,2025-08-06,2025-08-09 18:00:00,P3,Database,Resolved,App Team,Agent_B,Breached,90,No,APAC
INC100475,2025-12-07,2025-12-09 14:00:00,P2,Database,Closed,App Team,Agent_E,Breached,62,No,Europe
INC100476,2025-02-08,,P3,Database,Open,App Team,Agent_C,In Progress,29,No,India
INC100477,2025-04-10,2025-04-13 02:00:00,P2,Access,Resolved,L2 Support,Agent_B,Breached,74,No,APAC
INC100478,2025-10-16,2025-10-16 17:00:00,P2,Hardware,Closed,DB Team,Agent_A,Met,17,No,APAC
INC100479,2025-09-11,2025-09-13 18:00:00,P3,Access,Closed,DB Team,Agent_E,Breached,66,No,US
INC100480,2025-08-10,2025-08-10 06:00:00,P3,Application,Closed,L2 Support,Agent_F,Met,6,No,APAC
INC100481,2025-12-23,2025-12-25 10:00:00,P4,Database,Closed,Infra Team,Agent_D,Breached,58,No,Europe
INC100482,2025-01-23,2025-01-25 21:00:00,P3,Access,Closed,Infra Team,Agent_E,Breached,69,No,US
INC100483,2025-09-07,,P3,Access,Open,App Team,Agent_D,In Progress,28,No,India
INC100484,2025-01-10,2025-01-12 14:00:00,P3,Application,Closed,L1 Support,Agent_C,Breached,62,No,US
INC100485,2025-09-03,2025-09-04 17:00:00,P1,Network,Closed,Infra Team,Agent_D,Breached,41,No,Europe
INC100486,2025-11-21,2025-11-23 21:00:00,P3,Hardware,Resolved,L1 Support,Agent_C,Breached,69,No,Europe
INC100487,2025-04-10,,P2,Network,Pending,DB Team,Agent_A,In Progress,82,Yes,US
INC100488,2025-10-17,,P4,Database,Open,L1 Support,Agent_D,In Progress,90,No,India
INC100489,2025-06-29,2025-07-02 12:00:00,P2,Access,Closed,DB Team,Agent_E,Breached,84,No,US
INC100490,2025-08-11,,P3,Application,Open,L2 Support,Agent_C,In Progress,41,No,India
INC100491,2025-09-07,2025-09-09 01:00:00,P1,Application,Closed,L2 Support,Agent_E,Breached,49,No,US
INC100492,2025-05-27,2025-05-30 19:00:00,P4,Hardware,Closed,App Team,Agent_B,Breached,91,No,Europe
INC100493,2025-04-06,2025-04-08 01:00:00,P3,Network,Closed,Infra Team,Agent_C,Breached,49,No,APAC
INC100494,2025-09-14,2025-09-17 04:00:00,P3,Hardware,Resolved,App Team,Agent_D,Breached,76,Yes,APAC
INC100495,2025-11-21,2025-11-23 23:00:00,P1,Access,Closed,DB Team,Agent_C,Breached,71,No,India
INC100496,2025-01-04,2025-01-04 03:00:00,P4,Hardware,Closed,App Team,Agent_E,Met,3,No,India
INC100497,2025-01-16,2025-01-16 10:00:00,P2,Application,Closed,L1 Support,Agent_A,Met,10,No,India
INC100498,2025-10-07,2025-10-10 17:00:00,P4,Application,Closed,DB Team,Agent_C,Breached,89,No,Europe
INC100499,2025-12-02,,P2,Database,Pending,L2 Support,Agent_D,In Progress,35,No,US
